Time,Open,High,Low,Last,Change,%Chg,Volume,"Open Int"
08/20/2024,551,559.25,549.5,556.5,4.25,+0.77%,112067,415877
08/19/2024,554.5,554.5,545,552.25,-0.25,-0.05%,125305,416853
08/16/2024,549,555.5,545.5,552.5,2.25,+0.41%,123773,416551
08/15/2024,557.5,568,548.5,550.25,-6.,-1.08%,161435,412639
08/14/2024,553,559.25,547.5,556.25,4.5,+0.82%,201597,410420
08/13/2024,559.75,561.75,548.75,551.75,-8.,-1.43%,163421,401604
08/12/2024,565.75,570,552,559.75,-6.,-1.06%,185820,400352
08/09/2024,561.5,574.75,560.25,565.75,4.25,+0.76%,172150,408641
08/08/2024,562,568.25,557,561.5,-0.5,-0.09%,154387,414959
08/07/2024,567,571.75,558.5,562,-4.5,-0.79%,167399,423149
08/06/2024,564,571.75,555.5,566.5,3.25,+0.58%,110538,431547
08/05/2024,564,565,544.5,563.25,1,+0.18%,117245,435566
08/02/2024,557.25,564.5,553.5,562.25,5.5,+0.99%,98962,438976
08/01/2024,551.75,559.25,545.5,556.75,4.75,+0.86%,112778,439972
07/31/2024,547.5,558.5,541,552,3,+0.55%,120362,434799
07/30/2024,554.25,554.25,541.5,549,-6.25,-1.13%,87931,432863
07/29/2024,548,556.75,539.5,555.25,6.75,+1.23%,91989,428540
07/26/2024,561.5,565.75,546.75,548.5,-14.,-2.49%,95180,423869
07/25/2024,570.25,573.5,561,562.5,-8.5,-1.49%,77461,416630
07/24/2024,567.75,579.5,561.75,571,3.25,+0.57%,88943,415644
07/23/2024,573,577.5,566,567.75,-5.25,-0.92%,71958,421227
07/22/2024,570.25,578.25,565.75,573,5,+0.88%,88145,420500
07/19/2024,559.5,581,555.75,568,8,+1.43%,109035,418761
07/18/2024,564.5,570,557.5,560,-3.5,-0.62%,81896,418806
07/17/2024,555.5,570.75,552.5,563.5,8,+1.44%,86358,416352
07/16/2024,555.75,561.75,550.25,555.5,-1.,-0.18%,111058,413885
07/15/2024,576,576.5,555,556.5,-19.25,-3.34%,129293,411271
07/12/2024,592.5,594.25,575,575.75,-19.25,-3.24%,142420,406406
07/11/2024,583.75,603.5,582.5,595,10,+1.71%,121565,403324
07/10/2024,595.5,595.75,580.25,585,-10.5,-1.76%,108818,409676
07/09/2024,594,602.5,593.25,595.5,1,+0.17%,93357,411906
07/08/2024,612.5,613.75,590,594.5,-19.,-3.10%,103618,411526
07/05/2024,606,615.25,602,613.5,15.5,+2.59%,78447,407044
07/03/2024,605.5,611.75,596.5,598,-6.75,-1.12%,77472,406017
07/02/2024,611.75,612.75,602.5,604.75,-7.75,-1.27%,95887,402777
07/01/2024,596.25,614.25,591.25,612.5,15.5,+2.60%,132202,404268
06/28/2024,602,607.75,588.5,597,-4.5,-0.75%,132624,406781
06/27/2024,583,602.75,581.25,601.5,18.5,+3.17%,151311,404106
06/26/2024,582.25,594.75,579,583,0.25,+0.04%,140898,406147
06/25/2024,594.25,597.75,581,582.75,-11.5,-1.94%,169908,401751
06/24/2024,600.25,602.75,589,594.25,-5.5,-0.92%,162563,398899
06/21/2024,610,616.75,599,599.75,-10.,-1.64%,212381,400327
06/20/2024,623.25,624.75,607,609.75,-13.5,-2.17%,217983,411844
06/18/2024,630.75,634.25,621.5,623.25,-7.75,-1.23%,164723,401736
06/17/2024,648.25,648.25,629.5,631,-19.25,-2.96%,179700,397502
06/14/2024,658,661,648.25,650.25,-10.5,-1.59%,181594,393135
06/13/2024,657.5,667.25,655.5,660.75,0.5,+0.08%,186150,396840
06/12/2024,670.75,671.5,655.5,660.25,-11.25,-1.68%,186110,393234
06/11/2024,658,677,657.25,671.5,12.5,+1.90%,290399,395778
06/10/2024,674,675,657.5,659,-17.75,-2.62%,253230,421028
06/07/2024,688,688.25,670.25,676.75,-11.25,-1.64%,280935,413364
06/06/2024,697,701,686.75,688,-7.,-1.01%,170741,429137
06/05/2024,706.25,711,691,695,-10.75,-1.52%,178195,430171
06/04/2024,717,726.25,705,705.75,-12.75,-1.77%,166210,434569
06/03/2024,723.75,742.75,713.25,718.5,-5.,-0.69%,161440,439339
05/31/2024,725,735.75,719.25,723.5,-2.,-0.28%,106617,438742
05/30/2024,736,736.75,718,725.5,-10.75,-1.46%,126164,436717
05/29/2024,742.5,748,731.75,736.25,-6.,-0.81%,122873,430379
05/28/2024,752,759.25,735.25,742.25,3,+0.41%,134179,427563
05/24/2024,740.5,746.25,730,739.25,0.75,+0.10%,127393,422016
05/23/2024,735,741.25,723.75,738.5,4.5,+0.61%,122482,418440
05/22/2024,739.75,755.75,728.75,734,-5.75,-0.78%,169326,416169
05/21/2024,729.5,740.75,725.5,739.75,8.25,+1.13%,158541,405252
05/20/2024,699.5,733.5,699.25,731.5,35,+5.03%,160433,400484
05/17/2024,707,719,695.5,696.5,-10.5,-1.49%,102185,393383
05/16/2024,708,724.25,701.5,707,-2.5,-0.35%,107804,393316
05/15/2024,720,739,707.25,709.5,-7.75,-1.08%,158927,395479
05/14/2024,727,737,711.75,717.25,-11.25,-1.54%,156536,394761
05/13/2024,702,734.25,697,728.5,23.25,+3.30%,181725,392548
05/10/2024,682,706.5,682,705.25,23,+3.37%,170749,385699
05/09/2024,680.25,692,678.25,682.25,1.75,+0.26%,116737,375854
05/08/2024,688.75,694.75,676.25,680.5,-8.5,-1.23%,126227,372035
05/07/2024,690.5,697,681,689,-4.25,-0.61%,153734,369477
05/06/2024,666.75,694.25,656.5,693.25,24.75,+3.70%,170277,367209
05/03/2024,647.5,675.75,647.5,668.5,18,+2.77%,150944,364218
05/02/2024,646,659.25,642.75,650.5,4.75,+0.74%,106185,363257
05/01/2024,649,653,641.5,645.75,-3.,-0.46%,107992,362146
04/30/2024,652.75,654.5,644.25,648.75,-6.25,-0.95%,163025,362572
04/29/2024,659,666.75,649.5,655,-10.75,-1.61%,174092,363021
04/26/2024,661,675.5,658.5,665.75,3.5,+0.53%,186142,364627
04/25/2024,653.75,664,652.25,662.25,8.25,+1.26%,182681,377742
04/24/2024,641,657.25,635.25,654,11.5,+1.79%,175336,371109
04/23/2024,629,643.25,624.25,642.5,13.25,+2.11%,187128,375644
04/22/2024,609.5,635,608.25,629.25,20.5,+3.37%,205809,389398
04/19/2024,594.75,615.5,594.75,608.75,13.75,+2.31%,108706,392492
04/18/2024,595.25,600.25,592,595,1.75,+0.29%,113212,395414
04/17/2024,603.75,608.5,592.25,593.25,-9.75,-1.62%,119913,393010
04/16/2024,606.5,611.75,598.5,603,-4.25,-0.70%,137816,391304
04/15/2024,607.75,608.25,599.75,607.25,-2.5,-0.41%,114586,389791
04/12/2024,608,614.25,604.5,609.75,3.5,+0.58%,148764,390021
04/11/2024,613,614.5,603.75,606.25,-7.,-1.14%,160158,396945
04/10/2024,616,620.75,610.5,613.25,0.5,+0.08%,145577,395719
04/09/2024,620.75,620.75,611,612.75,-9.25,-1.49%,158941,398356
04/08/2024,621.75,628.25,616.75,622,0.25,+0.04%,189759,407083
04/05/2024,613.5,628.25,612.5,621.75,8.25,+1.34%,214024,411574
04/04/2024,614.75,618.25,607.75,613.5,0,0.00%,136541,420162
04/03/2024,603,616.25,600,613.5,9.75,+1.61%,118384,420293
04/02/2024,609.75,615.25,602,603.75,-6.75,-1.11%,137383,416265
04/01/2024,612.5,613.5,599,610.5,-1.5,-0.25%,93419,410980
03/28/2024,604,618.5,601,612,8.75,+1.45%,162735,404197
03/27/2024,600.25,604.5,597.5,603.25,2.5,+0.42%,86225,412411
03/26/2024,610.25,610.75,600,600.75,-8.,-1.31%,77480,410277
03/25/2024,610,618.5,603.5,608.75,2.5,+0.41%,112103,409425
03/22/2024,600.5,609.5,591.75,606.25,7.25,+1.21%,105805,412603
03/21/2024,598,602.5,592.75,599,2,+0.34%,78488,411864
03/20/2024,602.5,602.75,588.25,597,-5.5,-0.91%,100173,413269
03/19/2024,594,603.5,589.5,602.5,8.5,+1.43%,96911,407696
03/18/2024,586.75,595,581.5,594,12,+2.06%,102339,408799
03/15/2024,582.75,587,579.25,582,-1.,-0.17%,77432,410247
03/14/2024,590.25,590.5,580.25,583,-8.75,-1.48%,128033,407012
03/13/2024,594.25,597.25,584,591.75,-0.75,-0.13%,103648,399359
03/12/2024,592.5,599,588,592.5,-1.5,-0.25%,116683,396389
03/11/2024,584,595.5,571.5,594,11.25,+1.93%,151814,395876
03/08/2024,572.75,585.25,571.25,582.75,11,+1.92%,131496,397312
03/07/2024,572,581,568.25,571.75,1.5,+0.26%,211477,400265
03/06/2024,579.25,579.25,565.75,570.25,-9.5,-1.64%,217713,406304
03/05/2024,590,591.5,576.25,579.75,-10.5,-1.78%,118973,401311
03/04/2024,584.75,593,580.75,590.25,5.5,+0.94%,78417,387802
03/01/2024,598.5,601.25,582.75,584.75,-16.,-2.66%,114997,384115
02/29/2024,602.25,607,595.75,600.75,-0.5,-0.08%,92341,375452
02/28/2024,605.75,607,597.5,601.25,-5.5,-0.91%,100918,370785
02/27/2024,598.25,611.75,596.5,606.75,7.75,+1.29%,115465,373389
02/26/2024,590.25,601,582.5,599,8.25,+1.40%,133863,379209
02/23/2024,600.25,606.75,590,590.75,-9.25,-1.54%,119770,387377
02/22/2024,596.75,611.5,594.25,600,2,+0.33%,167032,394433
02/21/2024,600.75,601.75,592,598,-3.25,-0.54%,126154,395458
02/20/2024,584.75,603,579.75,601.25,16.5,+2.82%,179333,396470
02/16/2024,594.75,594.75,581.5,584.75,-8.,-1.35%,152227,404434
02/15/2024,610,610,592,592.75,-14.5,-2.39%,198709,396976
02/14/2024,618.5,618.5,603.25,607.25,-11.25,-1.82%,207129,399030
02/13/2024,620.5,622,615.5,618.5,-2.25,-0.36%,203086,396009
02/12/2024,623.75,623.75,614,620.75,-0.5,-0.08%,168563,401257
02/09/2024,620.5,631.25,616.25,621.25,1,+0.16%,217330,399539
02/08/2024,630.75,632.75,617.75,620.25,-12.5,-1.98%,160862,405068
02/07/2024,630.5,635.75,623.75,632.75,3.25,+0.52%,169755,412468
02/06/2024,628.5,633,626.5,629.5,0.75,+0.12%,98976,419546
02/05/2024,636.5,637.25,627.25,628.75,-9.5,-1.49%,99317,417212
02/02/2024,637,644.25,633.5,638.25,1,+0.16%,132062,410025
02/01/2024,635.75,638.75,627.5,637.25,1.25,+0.20%,118826,416253
01/31/2024,644.25,645,633,636,-9.75,-1.51%,79227,413750
01/30/2024,636.25,646.5,627.5,645.75,10.75,+1.69%,91772,409982
01/29/2024,634.75,640.75,628,635,-5.5,-0.86%,76302,407577
01/26/2024,651.5,652.75,635,640.5,-10.75,-1.65%,115763,407230
01/25/2024,651,656.75,645.75,651.25,0.5,+0.08%,105104,400920
01/24/2024,643,652,640.25,650.75,11.25,+1.76%,97027,407914
01/23/2024,637.25,646.5,636.75,639.5,0.5,+0.08%,77218,409879
01/22/2024,637.5,641.5,630.75,639,2.75,+0.43%,65735,410456
01/19/2024,631.25,640,629.75,636.25,5.75,+0.91%,87622,409549
01/18/2024,629.25,631.5,621,630.5,1.5,+0.24%,93101,410061
01/17/2024,632.5,640.25,627.5,629,-3.75,-0.59%,121512,403918
01/16/2024,643.5,649.25,627.75,632.75,-11.75,-1.82%,101950,400325
01/12/2024,649.75,656.25,637,644.5,-5.75,-0.88%,145668,390419
01/11/2024,654.5,661.25,648.5,650.25,-7.5,-1.14%,68072,382262
01/10/2024,654,658,651.25,657.75,1.75,+0.27%,75007,377853
01/09/2024,643,657,642,656,12.25,+1.90%,93898,373687
01/08/2024,654.25,654.25,639.5,643.75,-14.75,-2.24%,116821,377595
01/05/2024,654.5,663,654.5,658.5,3,+0.46%,72932,367827
01/04/2024,649,656.5,640,655.5,7.5,+1.16%,110865,369806
01/03/2024,653.25,654.5,646.5,648,-3.5,-0.54%,116923,372944
01/02/2024,666,667.75,650,651.5,-17.5,-2.62%,102043,366307
12/29/2023,668.5,671.75,662.75,669,-0.75,-0.11%,56732,360259
12/28/2023,664.25,672.25,661.5,669.75,7.25,+1.09%,49051,357222
12/27/2023,673.5,674.5,662.5,662.5,-14.,-2.07%,59609,361007
12/26/2023,658.25,676.75,655.25,676.5,17.75,+2.69%,80044,362050
12/22/2023,656,661.5,655,658.75,1.75,+0.27%,46005,357665
12/21/2023,654.5,658.5,652.75,657,5.25,+0.81%,58590,356953
12/20/2023,658.25,660,650,651.75,-6.5,-0.99%,72259,353643
12/19/2023,657.5,659,649.75,658.25,3.5,+0.53%,66894,351349
12/18/2023,662.75,662.75,652.75,654.75,-8.5,-1.28%,66299,351701
12/15/2023,656,663.5,648.75,663.25,11.5,+1.76%,94448,350216
12/14/2023,649,658.25,646.75,651.75,4.25,+0.66%,79191,353050
12/13/2023,662.25,664.75,645.25,647.5,-16.5,-2.48%,103076,354436
12/12/2023,646.5,665.5,646.5,664,16,+2.47%,86181,347460
12/11/2023,664.25,666,646,648,-18.75,-2.81%,112845,351617
12/08/2023,671.25,672.5,662.75,666.75,-4.75,-0.71%,129589,357933
12/07/2023,665,673,655.25,671.5,4.25,+0.64%,175675,367329
12/06/2023,671,682,665.75,667.25,-6.,-0.89%,199350,385020
12/05/2023,668.25,678.75,664.25,673.25,3.75,+0.56%,177334,405309
12/04/2023,658.25,673.75,654,669.5,11.75,+1.79%,163162,406941
12/01/2023,652.25,663.25,645.75,657.75,3,+0.46%,113691,406910
11/30/2023,643.25,655,638,654.75,11,+1.71%,126152,402399
11/29/2023,635.25,644.5,631.5,643.75,11,+1.74%,127265,402703
11/28/2023,622,634.75,618.5,632.75,12.75,+2.06%,151356,411837
11/27/2023,634.75,638.5,617,620,-14.75,-2.32%,184581,428251
11/24/2023,638,639.5,633.25,634.75,-8.75,-1.36%,94140,430318
11/22/2023,645,649,642,643.5,1,+0.16%,115099,442875
11/21/2023,636.75,643,631.25,642.5,10,+1.58%,143891,446260
11/20/2023,636,638.25,630,632.5,-4.75,-0.75%,124654,443566
11/17/2023,638.5,644.5,636,637.25,-4.,-0.62%,139580,440614
11/16/2023,647.25,648.5,638,641.25,-7.75,-1.19%,165769,439751
11/15/2023,657.25,663.5,648.5,649,-9.,-1.37%,194631,438174
11/14/2023,659.5,664.75,656.5,658,-2.25,-0.34%,147447,436959
11/13/2023,658,662.5,652.75,660.25,1.5,+0.23%,180989,444180
11/10/2023,664.5,667,656,658.75,-7.5,-1.13%,141276,434165
11/09/2023,669.75,673.5,660,666.25,-10.5,-1.55%,168981,429368
11/08/2023,658,679.25,658,676.75,18.75,+2.85%,288927,437948
11/07/2023,666.5,667.75,653.75,658,-7.25,-1.09%,211101,453312
11/06/2023,659.25,666.5,656.75,665.25,3.75,+0.57%,131031,459997
11/03/2023,656.5,662,654.25,661.5,6.5,+0.99%,79272,455133
11/02/2023,653.25,659,649.75,655,1.75,+0.27%,99370,456099
11/01/2023,651,654,648.25,653.25,2,+0.31%,108994,460273
10/31/2023,655,659.5,650.5,651.25,-7.75,-1.18%,135267,460210
10/30/2023,660.75,665.5,656.75,659,-5.,-0.75%,114568,454769
10/27/2023,663.75,667,659,664,-2.,-0.30%,92575,451007
10/26/2023,660,667,655.75,666,6,+0.91%,129713,448390
10/25/2023,665.5,669.75,656.75,660,-5.5,-0.83%,106582,444797
10/24/2023,671,671,659,665.5,-7.,-1.04%,81845,435685
10/23/2023,674,678.75,668.5,672.5,-2.25,-0.33%,76615,435866
10/20/2023,674.25,686.75,671.25,674.75,0.75,+0.11%,142017,434155
10/19/2023,669,674.25,662,674,6.75,+1.01%,114197,439737
10/18/2023,666.5,670,663.25,667.25,5,+0.76%,92890,436333
10/17/2023,665.25,666.75,659.25,662.25,-1.,-0.15%,99716,431791
10/16/2023,661.25,668.25,661,663.25,-1.25,-0.19%,106164,428499
10/13/2023,668,674.25,660.75,664.5,-1.75,-0.26%,162483,433084
10/12/2023,656.5,668,646,666.25,9,+1.37%,155267,438954
10/11/2023,660,662,653.75,657.25,-2.75,-0.42%,84273,432564
10/10/2023,670.5,672.5,657.75,660,-11.75,-1.75%,86825,426659
10/09/2023,673,676.25,668,671.75,6,+0.90%,81214,423640
10/06/2023,671,673,664.75,665.75,-7.5,-1.11%,88978,423310
10/05/2023,654,673.25,652.25,673.25,18.75,+2.86%,128097,427226
10/04/2023,659.5,662.5,652.25,654.5,-8.5,-1.28%,123868,433297
10/03/2023,660.5,666.75,657,663,0,0.00%,139024,429333
10/02/2023,653.5,664.25,647.75,663,15.25,+2.35%,166680,436642
09/29/2023,670.5,670.75,646,647.75,-17.,-2.56%,221960,434160
09/28/2023,667.75,670.25,664.25,664.75,-3.,-0.45%,77616,421448
09/27/2023,670.75,676,666.5,667.75,-5.25,-0.78%,94295,416761
09/26/2023,674,677.5,668,673,2.5,+0.37%,78061,415761
09/25/2023,656.5,671.75,656.25,670.5,9.5,+1.44%,68532,412626
09/22/2023,655.5,661.5,653.5,661,4.25,+0.65%,70326,412575
09/21/2023,663.5,665.25,656.25,656.75,-10.,-1.50%,77011,410930
09/20/2023,667.5,671.5,661,666.75,3.75,+0.57%,104327,408569
09/19/2023,660,669.75,656.75,663,-2.5,-0.38%,91606,403737
09/18/2023,674.5,676.25,663.75,665.5,-10.75,-1.59%,106026,401346
09/15/2023,666.5,678.25,666.25,676.25,6.25,+0.93%,106060,398294
09/14/2023,673.75,674.25,663.25,670,-3.5,-0.52%,86363,397415
09/13/2023,667.5,680,666,673.5,5,+0.75%,104005,396714
09/12/2023,667.5,670.5,655.25,668.5,2.5,+0.38%,102007,391669
09/11/2023,674.5,675,663.25,666,-8.75,-1.30%,79892,387416
09/08/2023,677,678.75,670.25,674.75,-3.,-0.44%,71750,383542
09/07/2023,684.25,688.5,676.5,677.75,-6.5,-0.95%,69486,379901
09/06/2023,671.5,685.5,671,684.25,12.5,+1.86%,79217,377473
09/05/2023,672,676,669.5,671.75,-1.,-0.15%,80713,376770
09/01/2023,679.75,688,671.5,672.75,-8.5,-1.25%,79708,369852
08/31/2023,685.25,692.25,678,681.25,-4.25,-0.62%,108171,364105
08/30/2023,684.75,689.75,683,685.5,2,+0.29%,113825,358377
08/29/2023,691,694,683,683.5,-8.25,-1.19%,131765,357990
08/28/2023,697.25,699.75,687.25,691.75,-2.5,-0.36%,84187,359696
08/25/2023,704,707.5,690,694.25,-7.5,-1.07%,108304,362754
08/24/2023,708.25,709.25,698,701.75,-4.5,-0.64%,75393,379959
08/23/2023,695,709,692.25,706.25,14.25,+2.06%,83617,385159
08/22/2023,691.75,699,688,692,0.75,+0.11%,85001,385630
08/21/2023,706,708.5,689.75,691.25,-11.,-1.57%,83846,385140
08/18/2023,687.25,704.5,687,702.25,16,+2.33%,100876,386212
08/17/2023,692.75,694.5,684,686.25,-6.5,-0.94%,94208,387214
08/16/2023,692,696,685.75,692.75,-0.5,-0.07%,134389,386089
08/15/2023,707.75,707.75,692.75,693.25,-17.25,-2.43%,143502,374839
08/14/2023,722.75,729.25,702.5,710.5,-13.5,-1.86%,137299,365228
08/11/2023,726.75,729,716.75,724,-4.75,-0.65%,179228,360127
08/10/2023,730,733.25,726,728.75,-1.25,-0.17%,162647,349441
08/09/2023,738,741.75,726.25,730,-11.5,-1.55%,153893,347617
08/08/2023,733.25,743.25,729.25,741.5,5.25,+0.71%,165671,343982
08/07/2023,737,739,720.5,736.25,11,+1.52%,215208,345010
08/04/2023,724.5,743,722,725.25,0.75,+0.10%,147061,344086
08/03/2023,723.25,732.5,720.5,724.5,-2.5,-0.34%,140511,339398
08/02/2023,740.75,757.75,720.25,727,-9.75,-1.32%,167661,329677
08/01/2023,746.75,747.75,729.25,736.75,-5.75,-0.77%,140394,324589
07/31/2023,757,762,741.25,742.5,-22.25,-2.91%,208246,317037
07/28/2023,758,774.25,750.25,764.75,-1.,-0.13%,135721,314876
07/27/2023,767.25,782.5,763.5,765.75,-2.75,-0.36%,131669,312620
07/26/2023,780.25,785.75,754.25,768.5,-22.5,-2.84%,177118,313676
07/25/2023,790,799,771,791,1.75,+0.22%,189596,311339
07/24/2023,755.75,792.25,754.5,789.25,40.75,+5.44%,187967,310672
07/21/2023,764.5,772.5,745.25,748.5,-20.25,-2.63%,164218,308624
07/20/2023,769.75,782.25,756.5,768.75,-4.5,-0.58%,248992,307803
07/19/2023,736,780.5,731.25,773.25,37.75,+5.13%,261411,304794
07/18/2023,711.25,738,707.5,735.5,17.25,+2.40%,93057,303407
07/17/2023,732.25,745.75,714.25,718.25,-6.,-0.83%,119790,305085
07/14/2023,709,727.25,708.5,724.25,14.75,+2.08%,92078,304504
07/13/2023,703,713.75,694.25,709.5,8,+1.14%,103564,302260
07/12/2023,717,722,700.25,701.5,-18.,-2.50%,117200,298994
07/11/2023,715,722.75,706,719.5,11.75,+1.66%,76641,297146
07/10/2023,708.5,716.5,704.75,707.75,-2.5,-0.35%,76954,298274
07/07/2023,713.25,720.75,707.75,710.25,-10.5,-1.46%,82961,297540
07/06/2023,722.75,723.5,715,720.75,-9.5,-1.30%,96565,298235
07/05/2023,716,735,716,730.25,21,+2.96%,133364,297132
07/03/2023,709.25,721.75,706,709.25,-5.5,-0.77%,91993,297933
06/30/2023,730.5,733.75,711.25,714.75,-7.75,-1.07%,119736,292139
06/29/2023,725,733,721.25,722.5,-5.75,-0.79%,99604,289938
06/28/2023,751.25,751.5,725,728.25,-19.5,-2.61%,124376,295354
06/27/2023,770,770,744.5,747.75,-33.5,-4.29%,136594,299609
06/26/2023,780,795,772.5,781.25,4.75,+0.61%,191482,313754
06/23/2023,782.5,782.5,769.25,776.5,-11.25,-1.43%,190220,316800
06/22/2023,784,794,771.75,787.75,2.5,+0.32%,183656,337768
06/21/2023,760,786.5,760,785.25,26.5,+3.49%,177181,347233
06/20/2023,745.5,760,740.5,758.75,6,+0.80%,188923,353865
06/16/2023,734.5,758,734.5,752.75,23,+3.15%,248932,365199
06/15/2023,716,733.75,716,729.75,24.25,+3.44%,176234,377684
06/14/2023,710.75,710.75,703,705.5,-7.5,-1.05%,157692,380773
06/13/2023,705.5,722.75,705,713,3,+0.42%,214373,382620
06/12/2023,702.75,714.5,702.25,710,2,+0.28%,182751,387466
06/09/2023,706.5,711.5,698.25,708,1.5,+0.21%,247765,392583
06/08/2023,697.25,706.75,692.25,706.5,12,+1.73%,210373,401042
06/07/2023,708.25,715.5,692.5,694.5,-14.5,-2.05%,179322,397117
06/06/2023,721,725.25,703.5,709,1.25,+0.18%,227816,405201
06/05/2023,704.5,712.75,699.75,707.75,3,+0.43%,138534,399658
06/02/2023,690.75,707.25,689,704.75,10,+1.44%,138751,399234
06/01/2023,683.5,695,682.75,694.75,16,+2.36%,154935,394678
05/31/2023,670.5,678.75,662.75,678.75,2,+0.30%,135268,393707
05/30/2023,683.75,684,671,676.75,-16.75,-2.42%,141719,395158
05/26/2023,687.25,694.25,685.75,693.5,11.25,+1.65%,90254,388935
05/25/2023,679.25,689,677,682.25,0,0.00%,94137,389509
05/24/2023,697.5,697.5,679.5,682.25,-12.25,-1.76%,98957,384360
05/23/2023,680,698,671.75,694.5,12,+1.76%,91771,379453
05/22/2023,675,684.5,674.25,682.5,1,+0.15%,107666,377522
05/19/2023,688,692,678.5,681.5,-4.5,-0.66%,106230,375233
05/18/2023,685,688,679.25,686,-11.25,-1.61%,97920,372563
05/17/2023,719.25,720.75,688,697.25,-19.,-2.65%,168349,371308
05/16/2023,722.75,728,709.25,716.25,-10.25,-1.41%,111758,372181
05/15/2023,702.5,728.25,702.5,726.5,19.75,+2.79%,104901,372832
05/12/2023,705.25,717.75,704.75,706.75,5.5,+0.78%,119457,374924
05/11/2023,709.25,710,699.25,701.25,-10.75,-1.51%,92972,371623
05/10/2023,709.5,718,704.75,712,-3.5,-0.49%,103245,367763
05/09/2023,716.25,716.25,705.75,715.5,-7.75,-1.07%,108693,367130
05/08/2023,727.75,729,720.5,723.25,-0.75,-0.10%,108006,368597
05/05/2023,715.25,725.25,713.25,724,10,+1.40%,120657,369612
05/04/2023,711.75,716.5,701.25,714,2.5,+0.35%,120605,370224
05/03/2023,690,711.75,684.5,711.5,22.5,+3.27%,156240,373338
05/02/2023,696.75,698.5,685,689,-4.5,-0.65%,109880,373634
05/01/2023,690.75,698.75,686.25,693.5,-5.25,-0.75%,94159,372036
04/28/2023,690,702.5,690,698.75,5,+0.72%,98974,365418
04/27/2023,699.5,699.5,691.25,693.75,-8.5,-1.21%,151913,362537
04/26/2023,713,713.25,702.25,702.25,-7.25,-1.02%,110478,363741
04/25/2023,708.5,709.5,708.5,709.5,-0.75,-0.11%,151904,366390
04/24/2023,712.5,716,710.25,710.25,0,0.00%,140807,371777
04/21/2023,705.25,710.25,704.5,710.25,-5.25,-0.73%,131163,376542
04/20/2023,715.75,715.75,715.5,715.5,-9.75,-1.34%,119858,376205
04/19/2023,725.25,725.25,725.25,725.25,-13.75,-1.86%,110572,378314
04/18/2023,739,739,739,739,2.75,+0.37%,134913,378531
04/17/2023,733,736.25,721,736.25,12.75,+1.76%,174660,382511
04/14/2023,719.75,723.5,719.75,723.5,11.75,+1.65%,195055,391830
04/13/2023,718.5,718.5,711.75,711.75,-9.5,-1.32%,217132,384587
04/12/2023,722.5,722.5,721.25,721.25,0,0.00%,247812,381364
04/11/2023,723.75,723.75,721.25,721.25,-9.5,-1.30%,234040,391899
04/10/2023,730.75,730.75,730.75,730.75,2.75,+0.38%,145689,384812
04/06/2023,730,730,727.75,728,-5.5,-0.75%,116349,391554
04/05/2023,736.25,736.25,733.5,733.5,-7.25,-0.98%,116348,386278
04/04/2023,744.5,744.5,740.75,740.75,-2.,-0.27%,93654,375999
04/03/2023,750.25,750.5,742.75,742.75,4,+0.54%,110017,376381
03/31/2023,733,739.5,729,738.75,0.5,+0.07%,107700,377148
03/30/2023,738,744.25,738,738.25,-4.5,-0.61%,87556,377093
03/29/2023,752,753,740.25,742.75,1.25,+0.17%,137929,375323
03/28/2023,743,743,738.5,741.5,2.25,+0.30%,88684,373926
03/27/2023,721.25,739.75,721.25,739.25,8.75,+1.20%,101570,377859
03/24/2023,710.5,735,709,730.5,21,+2.96%,203994,376740
03/23/2023,709,713,704.5,709.5,5,+0.71%,101580,386257
03/22/2023,714.75,714.75,704.5,704.5,-10.25,-1.43%,155669,381492
03/21/2023,714,714.75,714,714.75,-8.75,-1.21%,120110,370297
03/20/2023,722.25,724.75,722.25,723.5,-12.,-1.63%,112539,365684
03/17/2023,736.75,736.75,735.5,735.5,6.25,+0.86%,101756,364810
03/16/2023,733.5,733.5,727.5,729.25,-7.5,-1.02%,72043,366308
03/15/2023,737,737,733.25,736.75,-0.25,-0.03%,90921,370475
03/14/2023,737,737,737,737,7,+0.96%,97346,374635
03/13/2023,730,730,730,730,4.5,+0.62%,127108,377931
03/10/2023,725.5,725.5,725.5,725.5,10.5,+1.47%,106669,378336
03/09/2023,715.5,718,714.5,715,-15.5,-2.12%,146442,377815
03/08/2023,730.5,730.5,730.5,730.5,-9.25,-1.25%,103710,365134
03/07/2023,740,740,739.75,739.75,-0.25,-0.03%,80776,360791
03/06/2023,740,740,740,740,-9.5,-1.27%,78207,356688
03/03/2023,749.5,749.5,749.5,749.5,-2.,-0.27%,75651,352489
03/02/2023,751.5,751.5,751.5,751.5,2,+0.27%,84416,347555
03/01/2023,749.5,749.5,749.5,749.5,5,+0.67%,97366,346408
02/28/2023,747,747.25,744.5,744.5,0.75,+0.10%,100826,341154
02/27/2023,749.5,749.5,743.75,743.75,-3.25,-0.44%,144075,332063
02/24/2023,747,747,747,747,-22.25,-2.89%,160784,334062
02/23/2023,769.25,769.25,769.25,769.25,0.25,+0.03%,127176,339893
02/22/2023,769,769,769,769,-12.5,-1.60%,149227,355379
02/21/2023,783.5,783.5,781.5,781.5,-8.75,-1.11%,148835,359360
02/17/2023,790.25,790.25,790.25,790.25,-4.5,-0.57%,86194,362525
02/16/2023,794.75,794.75,794.75,794.75,-1.75,-0.22%,90543,365763
02/15/2023,796.5,796.5,796.5,796.5,-7.75,-0.96%,142460,369351
02/14/2023,804.25,804.25,804.25,804.25,-4.,-0.49%,155035,370508
02/13/2023,802,808.25,802,808.25,3.5,+0.43%,190024,365225
02/10/2023,809,809,804.75,804.75,15,+1.90%,219346,366091
02/09/2023,789.75,789.75,789.75,789.75,-4.75,-0.60%,152607,363440
02/08/2023,794.5,794.5,794.5,794.5,9.75,+1.24%,177089,362431
02/07/2023,784.75,784.75,784.75,784.75,-1.5,-0.19%,144124,358162
02/06/2023,786.25,786.25,786.25,786.25,-6.25,-0.79%,108822,353718
02/03/2023,792.5,792.5,792.5,792.5,-1.25,-0.16%,140028,353306
02/02/2023,800,800,793.75,793.75,1.5,+0.19%,119923,357681
02/01/2023,791,792.25,790.5,792.25,0,0.00%,108278,353737
01/31/2023,792.25,792.25,792.25,792.25,8,+1.02%,103862,350871
01/30/2023,784.25,784.25,784.25,784.25,4,+0.51%,77236,347742
01/27/2023,780.25,780.25,780.25,780.25,-2.,-0.26%,69298,344386
01/26/2023,782.25,782.25,782.25,782.25,10.25,+1.33%,83042,346732
01/25/2023,772,772,772,772,1.5,+0.19%,76107,347345
01/24/2023,770.5,770.5,770.5,770.5,9.5,+1.25%,75509,350331
01/23/2023,751.75,761,751.75,761,-17.5,-2.25%,101993,353876
01/20/2023,778.5,778.5,778.5,778.5,4.25,+0.55%,64186,343517
01/19/2023,774.25,774.25,774.25,774.25,-6.,-0.77%,78369,341313
01/18/2023,780.25,780.25,780.25,780.25,-5.75,-0.73%,79022,341190
01/17/2023,786,786,786,786,5.75,+0.74%,84080,340830
01/13/2023,780.25,780.25,780.25,780.25,4.5,+0.58%,76190,341288
01/12/2023,771,775.75,771,775.75,1.75,+0.23%,115806,341478
01/11/2023,774,774,774,774,8,+1.04%,66838,337190
01/10/2023,766,766,766,766,-10.5,-1.35%,94856,334538
01/09/2023,776.5,776.5,776.5,776.5,-1.,-0.13%,73485,332381
01/06/2023,790,790,777.5,777.5,0.75,+0.10%,44774,333163
01/05/2023,776.75,776.75,776.75,776.75,-0.25,-0.03%,60450,334222
01/04/2023,784,784,777,777,-22.25,-2.78%,82032,333570
01/03/2023,806,806,799.25,799.25,-13.5,-1.66%,76978,331577
12/30/2022,810.5,812.75,810,812.75,12.5,+1.56%,53693,333740
12/29/2022,798,800.25,796,800.25,0.25,+0.03%,51296,336015
12/28/2022,800,800,800,800,1.5,+0.19%,50939,333465
12/27/2022,798.5,798.5,798.5,798.5,3.75,+0.47%,38633,331562
12/23/2022,786,794.75,786,794.75,8.75,+1.11%,39693,333743
12/22/2022,784.25,786,784.25,786,1.25,+0.16%,54357,335382
12/21/2022,784.75,784.75,784.75,784.75,17.25,+2.25%,82629,331760
12/20/2022,766,767.5,766,767.5,-0.75,-0.10%,63116,332182
12/19/2022,770,770,768.25,768.25,-1.5,-0.19%,66066,331211
12/16/2022,769.75,769.75,769.75,769.75,-4.5,-0.58%,56167,333748
12/15/2022,774.25,774.25,774.25,774.25,4.25,+0.55%,76078,334774
12/14/2022,770,770,770,770,1.25,+0.16%,62923,336240
12/13/2022,768.75,768.75,768.75,768.75,1.25,+0.16%,84623,335354
12/12/2022,767.5,767.5,767.5,767.5,13.5,+1.79%,77597,334509
12/09/2022,754,754,754,754,-5.25,-0.69%,53860,336992
12/08/2022,756.75,759.25,756.75,759.25,-2.5,-0.33%,58612,334472
12/07/2022,756.75,761.75,756,761.75,9.25,+1.23%,79854,334456
12/06/2022,755,755,752.5,752.5,-16.75,-2.18%,86540,334760
12/05/2022,769.25,769.25,769.25,769.25,-22.25,-2.81%,79386,328263
12/02/2022,791.5,791.5,791.5,791.5,-6.5,-0.81%,83853,322759
12/01/2022,798,798,798,798,10.75,+1.37%,71484,317767
11/30/2022,787.25,787.25,787.25,787.25,8.25,+1.06%,73246,312768
11/29/2022,779,779,779,779,-3.,-0.38%,88566,310667
11/28/2022,782,782,782,782,-7.75,-0.98%,148325,317611
11/25/2022,789.75,789.75,789.75,789.75,-11.25,-1.40%,69137,334254
11/23/2022,801,801,801,801,6.25,+0.79%,85874,349435
11/22/2022,794.75,794.75,794.75,794.75,-5.75,-0.72%,79675,352395
11/21/2022,800.5,800.5,800.5,800.5,-4.,-0.50%,91020,351381
11/18/2022,804.5,804.5,804.5,804.5,-4.75,-0.59%,89912,348413
11/17/2022,809.25,809.25,809.25,809.25,-6.5,-0.80%,98832,345869
11/16/2022,815.75,815.75,815.75,815.75,-13.25,-1.60%,111598,344619
11/15/2022,829,829,829,829,4.5,+0.55%,174526,350091
11/14/2022,824.5,824.5,824.5,824.5,2.25,+0.27%,101124,349244
11/11/2022,822.25,822.25,822.25,822.25,9,+1.11%,159055,355500
11/10/2022,813.25,813.25,813.25,813.25,4.25,+0.53%,170152,354292
11/09/2022,809,809,809,809,-15.75,-1.91%,199855,353004
11/08/2022,824.75,824.75,824.75,824.75,-10.5,-1.26%,145726,350843
11/07/2022,835.25,835.25,835.25,835.25,-1.,-0.12%,164223,348911
11/04/2022,836.25,836.25,836.25,836.25,10.5,+1.27%,92561,343945
11/03/2022,825.75,825.75,825.75,825.75,0,0.00%,92629,341473
11/02/2022,825.75,825.75,825.75,825.75,-29.25,-3.42%,168597,338875
11/01/2022,850,855,850,855,7.75,+0.91%,139004,333061
10/31/2022,847.25,847.25,847.25,847.25,30.5,+3.73%,190594,329100
10/28/2022,816.75,816.75,816.75,816.75,-5.25,-0.64%,62799,332745
10/27/2022,822,822,822,822,-1.25,-0.15%,71600,328840
10/26/2022,823.25,823.25,823.25,823.25,6.25,+0.76%,69324,324517
10/25/2022,817,817,817,817,-1.,-0.12%,80644,324137
10/24/2022,818,818,818,818,-9.,-1.09%,63618,316858
10/21/2022,827,827,827,827,2.75,+0.33%,66219,313454
10/20/2022,824.25,824.25,824.25,824.25,11,+1.35%,75050,313929
10/19/2022,813.25,813.25,813.25,813.25,-3.,-0.37%,68042,309477
10/18/2022,816.25,816.25,816.25,816.25,-1.5,-0.18%,79531,309429
10/17/2022,817.75,817.75,817.75,817.75,4.75,+0.58%,74408,307137
10/14/2022,813,813,813,813,-14.,-1.69%,77508,310211
10/13/2022,827,827,827,827,8.25,+1.01%,98506,309813
10/12/2022,818.75,818.75,818.75,818.75,0.75,+0.09%,81689,308515
10/11/2022,818,818,818,818,-26.25,-3.11%,110866,307901
10/10/2022,844.25,844.25,844.25,844.25,27,+3.30%,135141,303009
10/07/2022,817.25,817.25,817.25,817.25,15,+1.87%,68112,298218
10/06/2022,802.25,802.25,802.25,802.25,-13.5,-1.65%,79038,294791
10/05/2022,815.75,815.75,815.75,815.75,-1.25,-0.15%,66536,291740
10/04/2022,817,817,817,817,-6.5,-0.79%,87344,291614
10/03/2022,823.5,823.5,823.5,823.5,1.75,+0.21%,90858,295082
09/30/2022,821.75,821.75,821.75,821.75,8,+0.98%,126770,295483
09/29/2022,820,820,813.75,813.75,-5.75,-0.70%,64981,293290
09/28/2022,819.5,819.5,819.5,819.5,22.75,+2.86%,76636,295898
09/27/2022,796.75,796.75,796.75,796.75,7,+0.89%,74800,290771
09/26/2022,789.75,789.75,789.75,789.75,-24.,-2.95%,67892,287955
09/23/2022,813.75,813.75,813.75,813.75,-20.25,-2.43%,84239,290600
09/22/2022,834,834,834,834,3.5,+0.42%,102157,294361
09/21/2022,830.5,830.5,830.5,830.5,-0.25,-0.03%,154979,288320
09/20/2022,830.75,830.75,830.75,830.75,48.5,+6.20%,113372,285567
09/19/2022,782.25,782.25,782.25,782.25,-20.25,-2.52%,67384,285024
09/16/2022,802.5,802.5,802.5,802.5,19.25,+2.46%,72183,284443
09/15/2022,783.25,783.25,783.25,783.25,-29.25,-3.60%,82206,286449
09/14/2022,812.5,812.5,812.5,812.5,7.75,+0.96%,71681,286051
09/13/2022,804.75,804.75,804.75,804.75,2.25,+0.28%,88693,287046
09/12/2022,802.5,802.5,802.5,802.5,-10.25,-1.26%,93983,287688
09/09/2022,812.75,812.75,812.75,812.75,27.25,+3.47%,90863,291972
09/08/2022,785.5,785.5,785.5,785.5,-5.25,-0.66%,82831,289972
09/07/2022,790.75,790.75,790.75,790.75,9,+1.15%,137883,291130
09/06/2022,781.75,781.75,781.75,781.75,1.75,+0.22%,54811,289329
09/02/2022,780,780,780,780,12.5,+1.63%,51840,289607
09/01/2022,767.5,767.5,767.5,767.5,-33.75,-4.21%,82731,290037
08/31/2022,801.25,801.25,801.25,801.25,7.25,+0.91%,78224,290785
08/30/2022,794,794,794,794,-20.75,-2.55%,94514,288545
08/29/2022,814.75,814.75,814.75,814.75,26.75,+3.39%,116993,291337
08/26/2022,788,788,788,788,22.25,+2.91%,107199,300206
08/25/2022,765.75,765.75,765.75,765.75,-19.25,-2.45%,85263,311388
08/24/2022,785,785,785,785,0,0.00%,93041,317873
08/23/2022,785,785,785,785,0,0.00%,110103,320495
08/22/2022,785,785,785,785,18.75,+2.45%,87216,322184
08/19/2022,766.25,766.25,766.25,766.25,16.25,+2.17%,76478,323647
08/18/2022,750,750,750,750,-11.,-1.45%,127917,323372
08/17/2022,761,761,761,761,-9.75,-1.27%,88589,318467
08/16/2022,770.75,770.75,770.75,770.75,-13.75,-1.75%,64906,313237
08/15/2022,784.5,784.5,784.5,784.5,-3.,-0.38%,72691,314455
08/12/2022,787.5,787.5,787.5,787.5,-5.75,-0.72%,102433,318728
08/11/2022,793.25,793.25,793.25,793.25,1,+0.13%,141591,321724
08/10/2022,792.25,792.25,792.25,792.25,17.25,+2.23%,149756,320184
08/09/2022,775,775,775,775,-4.5,-0.58%,134396,320767
08/08/2022,779.5,779.5,779.5,779.5,2,+0.26%,140003,317766
08/05/2022,777.5,777.5,777.5,777.5,3.25,+0.42%,116953,316152
08/04/2022,774.25,774.25,774.25,774.25,13.75,+1.81%,98520,318243
08/03/2022,760.5,760.5,760.5,760.5,-9.75,-1.27%,112699,316141
08/02/2022,770.25,770.25,770.25,770.25,-15.25,-1.94%,98061,316244
08/01/2022,785.5,785.5,785.5,785.5,0,0.00%,76620,312511
07/29/2022,785.5,785.5,785.5,785.5,-1.75,-0.22%,95791,309976
07/28/2022,787.25,787.25,787.25,787.25,20,+2.61%,67255,307421
07/27/2022,767.25,767.25,767.25,767.25,0,0.00%,77450,305658
07/26/2022,767.25,767.25,767.25,767.25,22.75,+3.06%,78217,301674
07/25/2022,744.5,744.5,744.5,744.5,8.25,+1.12%,84656,302936
07/22/2022,736.25,736.25,736.25,736.25,-20.25,-2.68%,120431,303170
07/21/2022,756.5,756.5,756.5,756.5,-13.75,-1.79%,75703,298407
07/20/2022,770.25,770.25,770.25,770.25,-3.,-0.39%,72346,294384
07/19/2022,773.25,773.25,773.25,773.25,-1.5,-0.19%,83282,292700
07/18/2022,774.75,774.75,774.75,774.75,30,+4.03%,76057,290864
07/15/2022,744.75,744.75,744.75,744.75,-3.75,-0.50%,86817,291588
"Downloaded from Barchart.com as of 08-20-2024 05:54pm CDT"
